Item,ItemInfo,Distributor,Link
Cable Usb A Mini Usb 5 Pines V3 Celular/mp3/tablets 1 Metro,1 u. | Color: Negro,MAKROINTEL DISTRIBUIDOR,https://articulo.mercadolibre.com.co/MCO-516501236-cable-usb-a-mini-usb-5-pines-v3-celularmp3tablets-1-metro-_JM
Repuestos Silla Giratoria Base Araña D60+rodachinas P.duro,1 unidad,PEGMOR,https://articulo.mercadolibre.com.co/MCO-568395567-repuestos-silla-giratoria-base-arana-d60rodachinas-pduro-_JM
"Cable Displayport 1,8m 1.2 1080-2k/165hz 4k/60hz Hispeed",1 u. | Color: Negro,VIDEOJUEGOSYTECHBGA,https://articulo.mercadolibre.com.co/MCO-883020120-cable-displayport-18m-12-1080-2k165hz-4k60hz-hispeed-_JM
Cable Hdmi 5 Metros Doble Filtro Mallado Punta Dorada,1 unidad,GEEKOSSAS,https://articulo.mercadolibre.com.co/MCO-1211306655-cable-hdmi-5-metros-doble-filtro-mallado-punta-dorada-_JM
Caballo De Fuego 3. Gaza,1 unidad,INVERSIONESBAYONAFRANCOSASI,https://articulo.mercadolibre.com.co/MCO-1171198008-caballo-de-fuego-3-gaza-_JM
Mini Lector Adaptador Tarjetas Micro Sd A Usb 2.0,1 unidad,TECNOMUNDO2022,https://articulo.mercadolibre.com.co/MCO-961115068-mini-lector-adaptador-tarjetas-micro-sd-a-usb-20-_JM
Destornillador Triwing Y Estrella Nintendo Switch 3ds Wii U,1 unidad,BODEGADIGITALMED,https://articulo.mercadolibre.com.co/MCO-564595637-destornillador-triwing-y-estrella-nintendo-switch-3ds-wii-u-_JM
Caballo De Fuego 2. Congo,1 unidad,INVERSIONESBAYONAFRANCOSASI,https://articulo.mercadolibre.com.co/MCO-1171455578-caballo-de-fuego-2-congo-_JM
Cable Link Compatible Con Gameboy Advance Sp Gba Sp,1 unidad,GEEKCO TIENDA,https://articulo.mercadolibre.com.co/MCO-651649437-cable-link-compatible-con-gameboy-advance-sp-gba-sp-_JM
Pokemon Rubi En Español Para Gameboy Advance Gba / Nds,1 unidad,GEEKCO TIENDA,https://articulo.mercadolibre.com.co/MCO-1155113862-pokemon-rubi-en-espanol-para-gameboy-advance-gba-nds-_JM
"Carrete De Soldadura, Estaño, Flux 2%, 63/37, 0.8mm X 100gr",1 u. | Voltaje: 110V,HRICARDO13,https://articulo.mercadolibre.com.co/MCO-879111021-carrete-de-soldadura-estano-flux-2-6337-08mm-x-100gr-_JM
Adaptador De Corriente Ac Nintendo Switch Cargador,1 unidad,LINK GAME,https://articulo.mercadolibre.com.co/MCO-556141635-adaptador-de-corriente-ac-nintendo-switch-cargador-_JM
Capa\ Tunicas\ Harry Potter\ Niño\niña\niñe,"1 u. | Talla: 14, Color: VINO",SAHE5132577,https://articulo.mercadolibre.com.co/MCO-939462514-capa-tunicas-harry-potter-ninoninanine-_JM
Camibuzos 3/4 Stranger Things Hellfire Club Unisex,"1 u. | Color: Blanco, Talla: M",ANIMEMOTIONBOGOTA,https://articulo.mercadolibre.com.co/MCO-953915579-camibuzos-34-stranger-things-hellfire-club-unisex-_JM
Control Joystick Inalámbrico Sony Playstation Dualshock 4 Wave Blue,1 unidad,MORENO24VA,https://articulo.mercadolibre.com.co/MCO-868385277-control-joystick-inalambrico-sony-playstation-dualshock-4-wave-blue-_JM
Adaptador De Teclado Mouse Para Consola Switch Ps4 Xbox One,1 unidad,DAMEVA,https://articulo.mercadolibre.com.co/MCO-656388775-adaptador-de-teclado-mouse-para-consola-switch-ps4-xbox-one-_JM
Adaptador Convertidor Displayport A Hdmi Hd 1080p Dp Hdtv,1 unidad,AMERICA STORE,https://articulo.mercadolibre.com.co/MCO-603145146-adaptador-convertidor-displayport-a-hdmi-hd-1080p-dp-hdtv-_JM
Cubo De Carga Rápida Para iPhone 20w Cargador,1 u. | Color: Blanco,ESSENTIALS SHOPS,https://articulo.mercadolibre.com.co/MCO-600476226-cubo-de-carga-rapida-para-iphone-20w-cargador-_JM
Adaptador Audifono Convertidor Plug 3.5mm iPhone 6 7 8 10 X,1 unidad,BIMPORTACIONES,https://drmovilco.mercadoshops.com.co/MCO-833649750-adaptador-audifono-convertidor-plug-35mm-iphone-6-7-8-10-x-_JM
Cable Adaptador Usb Hembra A Auxiliar 3.5mm Datos Carga iPod,1 u. | Color: Negro,DEROCHA STORE,https://articulo.mercadolibre.com.co/MCO-583037850-cable-adaptador-usb-hembra-a-auxiliar-35mm-datos-carga-ipod-_JM
Control Joystick Inalámbrico Sony Playstation Dualshock 4 Jet Black,1 unidad,SURET IMPORTACIONES.SAS,https://articulo.mercadolibre.com.co/MCO-800423174-control-joystick-inalambrico-sony-playstation-dualshock-4-ps4-jet-black-_JM
Cargador 20w iPhone 12 12mini 12 Pro Max Carga Rapida +cable,1 u. | Color: Blanco,PULSE STORE,https://articulo.mercadolibre.com.co/MCO-603487585-cargador-20w-iphone-12-12mini-12-pro-max-carga-rapida-cable-_JM
Monitor Samsung Gaming 27 Curvo Wqhd Amd Freesync 144hz 1ms,"1 u. | Voltaje: 100V/240V, Color: Negro",TWIDO COLOMBIA,https://articulo.mercadolibre.com.co/MCO-597912061-monitor-samsung-gaming-27-curvo-wqhd-amd-freesync-144hz-1ms-_JM
Cargador 18w Para iPhone iPad Carga Rapida Cubo + Cable,1 u. | Color: Blanco,FRAN3869846,https://articulo.mercadolibre.com.co/MCO-605722241-cargador-18w-para-iphone-ipad-carga-rapida-cubo-cable-_JM
"Mini Teclado Inalambrico Bluetooth Mac, iPad, Pc, Celular",1 u. | Color del teclado: Blanco,COMPRASDE VERDAD,https://articulo.mercadolibre.com.co/MCO-573753920-mini-teclado-inalambrico-bluetooth-mac-ipad-pc-celular-_JM
Audifono Diadema Cascos Gamer Pro2 Para Ps4 Y Xbox One,1 u. | Color: Azul,52 BITS,https://articulo.mercadolibre.com.co/MCO-526238629-audifono-diadema-cascos-gamer-pro2-para-ps4-y-xbox-one-_JM
Triturador Eliminador De Basura De 1/2 Hp Waste King Legend,1 unidad,AYF INVESTMENTS,https://articulo.mercadolibre.com.co/MCO-596229044-triturador-eliminador-de-basura-de-12-hp-waste-king-legend-_JM
Adaptador Receptor Audio Bluetooth V4.2 Recargable 3.5mm,1 unidad,MEDELLINELECTRONICA,https://articulo.mercadolibre.com.co/MCO-508880540-adaptador-receptor-audio-bluetooth-v42-recargable-35mm-_JM
Control Nintendo Switch Gamecube Powera,1 u. | Color: Violeta,LEURANGOB,https://articulo.mercadolibre.com.co/MCO-587072733-control-nintendo-switch-gamecube-powera-_JM
Limpiador Electrónico Alcohol Isopropílico 60ml Skulltrap,1 unidad,SKULLTRAP ELECTRONICS,https://articulo.mercadolibre.com.co/MCO-566481704-limpiador-electronico-alcohol-isopropilico-60ml-skulltrap-_JM
Tubo Termoencogible Negro Desde 1.5mm A 4mm 1 Metro,1 unidad,S-HOBBIES,https://articulo.mercadolibre.com.co/MCO-515255169-tubo-termoencogible-negro-desde-15mm-a-4mm-1-metro-_JM
Hoja Segueta Nicholson,1 unidad,FERRECO.,https://articulo.mercadolibre.com.co/MCO-536554348-hoja-segueta-nicholson-_JM
Auriculares Logitech G231 Prodigy Como Nuevas,2 u. | Color: Blanco,MIG25CELIS,https://articulo.mercadolibre.com.co/MCO-550726256-auriculares-logitech-g231-prodigy-como-nuevas-_JM
Audífonos Sony Noise Cancelling Bluetooth - Wh-1000xm3,1 unidad,SONY COLOMBIA,https://articulo.mercadolibre.com.co/MCO-508155527-audifonos-sony-noise-cancelling-bluetooth-wh-1000xm3-_JM
